Claim Period,Number of Workers,Labour_Force,Percent
15-Mar to 11-Apr,3365260,18507900,0.1818283
12-Apr to 9-May,3557710,18507900,0.192226563
10-May to 6-Jun,3811270,18507900,0.205926658
7-Jun to 4-Jul,3523290,18507900,0.190366816
5-Jul to 1-Aug,3360190,18507900,0.181554363
2-Aug to 29-Aug,3000790,18507900,0.162135629
30-Aug to 26-Sep,1666280,18507900,0.090030744
