Claim Period,Number of Workers,Labour_Force,Percent
15-Mar to 11-Apr,3223200,18507900,0.174152659
12-Apr to 9-May,3374950,18507900,0.182351861
10-May to 6-Jun,3516420,18507900,0.189995623
7-Jun to 4-Jul,3025900,18507900,0.163492347
5-Jul to 1-Aug,2093710,18507900,0.113125206
2-Aug to 29-Aug,254430,18507900,0.013747103
