Claim Period,Number of Workers,Labour_Force,Percent
15-Mar to 11-Apr,3389850,18507900,0.183156922
12-Apr to 9-May,3599780,18507900,0.194499646
10-May to 6-Jun,3869300,18507900,0.209062076
7-Jun to 4-Jul,3599650,18507900,0.194492622
5-Jul to 1-Aug,3623940,18507900,0.195805035
2-Aug to 29-Aug,3362960,18507900,0.181704029
30-Aug to 26-Sep,2430350,18507900,0.131314196
27-Sep to 24-Oct,539360,18507900,0.02914215
