Claim Period,Number of Workers,Labour_Force,Percent
15-Mar to 11-Apr,3421550,18507900,0.184869704
12-Apr to 9-May,3646110,18507900,0.197002901
10-May to 6-Jun,3923820,18507900,0.212007845
7-Jun to 4-Jul,3670860,18507900,0.198340168
5-Jul to 1-Aug,3814130,18507900,0.206081187
2-Aug to 29-Aug,3602440,18507900,0.194643369
30-Aug to 26-Sep,2874710,18507900,0.155323402
27-Sep to 24-Oct,1513570,18507900,0.081779672
