Claim Period,Number of Workers,Labour_Force,Percent
15-Mar to 11-Apr,3183770,18507900,0.172022218
12-Apr to 9-May,3333630,18507900,0.1801193
10-May to 6-Jun,3457680,18507900,0.186821844
7-Jun to 4-Jul,2881650,18507900,0.155698377
5-Jul to 1-Aug,1618980,18507900,0.087475078
