Claim Period,Number of Workers,Labour_Force,Percent
15-Mar to 11-Apr,3227740,18507900,0.17439796
12-Apr to 9-May,3394900,18507900,0.183429779
10-May to 6-Jun,3559060,18507900,0.192299505
7-Jun to 4-Jul,3103740,18507900,0.167698118
5-Jul to 1-Aug,2221850,18507900,0.120048736
2-Aug to 29-Aug,675140,18507900,0.036478477
