Claim Period,Number of Workers,Labour_Force,Percent
15-Mar to 11-Apr,3430810,18507900,0.185370031
12-Apr to 9-May,3668080,18507900,0.198189962
10-May to 6-Jun,3947990,18507900,0.213313774
7-Jun to 4-Jul,3706230,18507900,0.200251244
5-Jul to 1-Aug,3897130,18507900,0.210565758
2-Aug to 29-Aug,3704460,18507900,0.200155609
30-Aug to 26-Sep,3063760,18507900,0.165537959
27-Sep to 24-Oct,1957120,18507900,0.105745114
