Claim Period,Number of Workers,Labour_Force,Percent
15-Mar to 11-Apr,3165390,18507900,0.171029128
12-Apr to 9-May,3299700,18507900,0.178286029
10-May to 6-Jun,3380090,18507900,0.18262958
7-Jun to 4-Jul,2743050,18507900,0.148209683
5-Jul to 1-Aug,877300,18507900,0.04740138
