Claim Period,Number of Workers,Labour_Force,Percent
15-Mar to 11-Apr,2612110,18507900,0.141134867
12-Apr to 9-May,2200670,18507900,0.11890436
