Claim Period,Number of Workers,Labour_Force,Percent
15-Mar to 11-Apr,3462520,18507900,0.187083354
12-Apr to 9-May,3700890,18507900,0.199962719
10-May to 6-Jun,3991640,18507900,0.215672226
7-Jun to 4-Jul,3757170,18507900,0.203003582
5-Jul to 1-Aug,4077660,18507900,0.220319971
2-Aug to 29-Aug,3915890,18507900,0.21157938
30-Aug to 26-Sep,3414200,18507900,0.184472577
27-Sep to 24-Oct,2588900,18507900,0.139880808
25-Oct to 21-Nov,954080,18507900,0.051549879
