Claim Period,Number of Workers,Labour_Force,Percent
15-Mar to 11-Apr,3380460,18507900,0.182649571
12-Apr to 9-May,3582920,18507900,0.193588684
10-May to 6-Jun,3849620,18507900,0.207998746
7-Jun to 4-Jul,3565670,18507900,0.192656649
5-Jul to 1-Aug,3533860,18507900,0.190937924
2-Aug to 29-Aug,3210940,18507900,0.173490239
30-Aug to 26-Sep,2109760,18507900,0.113992403
27-Sep to 24-Oct,113690,18507900,0.006142782
