Claim Period,Number of Workers,Labour_Force,Percent
15-Mar to 11-Apr,2049252,18507900,0.110723097
12-Apr to 9-May,709575,18507900,0.038339034