Claim Period,Number of Workers,Labour_Force,Percent
15-Mar to 11-Apr,3289690,18507900,0.177745179
12-Apr to 9-May,3454150,18507900,0.186631114
10-May to 6-Jun,3664460,18507900,0.19799437
7-Jun to 4-Jul,3305020,18507900,0.178573474
5-Jul to 1-Aug,2767510,18507900,0.149531281
2-Aug to 29-Aug,1853720,18507900,0.100158311
