Claim Period,Number of Workers,Labour_Force,Percent
15-Mar to 11-Apr,3330150,18507900,0.179931273
12-Apr to 9-May,3515030,18507900,0.18992052
10-May to 6-Jun,3747250,18507900,0.202467595
7-Jun to 4-Jul,3425080,18507900,0.185060434
5-Jul to 1-Aug,3130050,18507900,0.169119673
2-Aug to 29-Aug,2570270,18507900,0.13887421
30-Aug to 26-Sep,684740,18507900,0.036997174
