Claim Period,Number of Workers,Labour_Force,Percent
15-Mar to 11-Apr,2479718,18507900,0.133981597
12-Apr to 9-May,1886113,18507900,0.101908536