Claim Period,Number of Workers,Labour_Force,Percent
15-Mar to 11-Apr,2881400,18507900,0.15568487
12-Apr to 9-May,2908980,18507900,0.157175044
10-May to 6-Jun,2573490,18507900,0.13904819
7-Jun to 4-Jul,716990,18507900,0.038739673
