Claim Period,Number of Workers,Labour_Force,Percent
15-Mar to 11-Apr,3306690,18507900,0.178663706
12-Apr to 9-May,3485990,18507900,0.188351461
10-May to 6-Jun,3712180,18507900,0.200572728
7-Jun to 4-Jul,3374670,18507900,0.182336732
5-Jul to 1-Aug,2989000,18507900,0.161498603
2-Aug to 29-Aug,2267460,18507900,0.122513089
30-Aug to 26-Sep,218350,18507900,0.011797665
