Claim Period,Number of Workers,Labour_Force,Percent
15-Mar to 11-Apr,3250080,18507900,0.175605012
12-Apr to 9-May,3420160,18507900,0.184794601
10-May to 6-Jun,3621320,18507900,0.195663473
7-Jun to 4-Jul,3202800,18507900,0.173050427
5-Jul to 1-Aug,2512060,18507900,0.135729067
2-Aug to 29-Aug,1272220,18507900,0.068739295
